{"precision": 0.40887428101889894, "recall": 0.3955484896661367, "f1": 0.40210101010101007}