{"precision": 0.727027027027027, "recall": 0.5598335067637877, "f1": 0.6325690770135215}