{"precision": 0.7423263327948304, "recall": 0.6501591793420587, "f1": 0.6931925325287572}